pathway,pval,padj,log2err,ES,NES,size,leadingEdge,Genes
1,KEGG_PRIMARY_IMMUNODEFICIENCY,6.81E-14,7.99E-12,0.954541631,0.849217388,2.698994367,31,"PTPRC, CD4, CD40LG, ICOS, ZAP70, CIITA, LCK, IL7R, TAP1, CD19, CD40, CD8A, BTK, TNFRSF13B, BLNK, CD3E, TNFRSF13C, CD79A, CD3D, UNG, AIRE, JAK3, RFX5, DCLRE1C"
2,KEGG_T_CELL_RECEPTOR_SIGNALING_PATHWAY,8.60E-14,7.99E-12,0.954541631,0.632037401,2.533177872,102,"GRAP2, PIK3R5, PIK3CD, PTPRC, CD4, CBLB, CD28, RASGRP1, VAV1, CD40LG, LCP2, ITK, PTPN6, ICOS, CTLA4, PRKCQ, MAP3K14, NFATC2, MALT1, ZAP70, IKBKB, LCK, PLCG1, NFATC1, CBL, CARD11, CD247, PAK2, MAPK14, MAPK11, GRB2, PIK3CG, NFATC3, CD3G, PDPK1, CD8A, CD3E, FYN, PDCD1, CD3D, LAT"
3,KEGG_NATURAL_KILLER_CELL_MEDIATED_CYTOTOXICITY,3.08E-09,1.91E-07,0.77493903,0.608504896,2.342599982,80,"PIK3R5, PIK3CD, VAV1, LCP2, PTPN6, ITGAL, NFATC2, ZAP70, LCK, PRKCB, PLCG1, RAC2, NFATC1, CD48, CD247, SYK, KLRD1, GRB2, PIK3CG, NFATC3, PTK2B, FYN, CASP3, LAT, PRF1, IFNGR2, SH2D1A, SH3BP2, PPP3CC, PRKCA, PLCG2, PIK3CA, FASLG, HCST, FAS, IFNAR1, VAV2, NRAS, BID, TYROBP, IFNGR1, PPP3CB, KRAS, CD244"
4,KEGG_CHEMOKINE_SIGNALING_PATHWAY,3.39E-08,1.58E-06,0.719512826,0.482965217,2.037822564,152,"PIK3R5, PIK3CD, ADCY7, DOCK2, VAV1, ITK, RASGRP2, CXCR5, CCR6, CCL22, CSK, PLCB2, WAS, IKBKB, CCL5, ARRB2, PRKCB, RAC2, ELMO1, CCR7, GRK6, GRK2, PREX1, GRB2, PIK3CG, PTK2B, NCF1, GNG2, PRKACB, CCR9, CCR8, CXCR6, CXCR4, ROCK1, STAT5B, CHUK, CXCL13, RAP1B, NFKB1, CXCR3, TIAM1, JAK3, STAT1, ADCY1, CCL17, AKT2, HCK, GNG5, PIK3CA, GNB4, PRKCD, CRKL, VAV2, NRAS, LYN, CXCL10, STAT2"
5,KEGG_B_CELL_RECEPTOR_SIGNALING_PATHWAY,5.44E-08,2.02E-06,0.719512826,0.603083791,2.236663446,68,"PIK3R5, PIK3CD, VAV1, PTPN6, NFATC2, MALT1, IKBKB, CD72, INPP5D, PRKCB, RAC2, NFATC1, CARD11, CD22, SYK, GRB2, PIK3CG, NFATC3, CD19, BTK, CR2, CD79B, BLNK, CD79A, PPP3CC, DAPP1, CHUK, NFKB1, PIK3AP1, AKT2, NFKBIE, PLCG2, PIK3CA, VAV2, NRAS, LYN"
6,KEGG_INTESTINAL_IMMUNE_NETWORK_FOR_IGA_PRODUCTION,2.08E-06,5.52E-05,0.62725674,0.682176159,2.216939247,34,"ITGA4, CD28, CD40LG, ICOS, ITGB7, MAP3K14, HLA-DOB, CD40, TNFRSF13B, TNFRSF13C, CCR9, HLA-DOA, CD86, CXCR4, CD80, HLA-DMA"
7,KEGG_TOLL_LIKE_RECEPTOR_SIGNALING_PATHWAY,1.80E-06,5.52E-05,0.643551836,0.538469975,2.072982096,80,"PIK3R5, PIK3CD, IKBKE, SPP1, IL12A, TLR1, IKBKB, CCL5, MAPK14, MAPK11, PIK3CG, CD40, IRF5, TLR7, TLR9, CD86, TRAF3, TBK1, CHUK, NFKB1, CASP8, CD80, STAT1, TLR8, AKT2, PIK3CA, TLR5, IFNAR1, IL12B, CXCL10, IRAK4, TLR4"
8,KEGG_TIGHT_JUNCTION,1.17E-05,0.000271055,0.593325476,-0.446757405,-1.857117584,118,"MYH11, MYL9, CTNNA1, OCLN, SRC, PARD3, CGN, MYH14, CTTN, MAGI1, AFDN, TJP3, CTNNB1, CRB3, PARD6B, CLDN4, F11R, CLDN6, JAM3, CLDN3, AKT1, CLDN8, CLDN7, PARD6G, CASK, TJP1, ACTN4, PRKCZ, CLDN5, CLDN23, YBX3, PPP2R2C, JAM2, CLDN10, MAP3K20, PPP2R1A, HRAS, RAB3B, PRKCI, RRAS, YES1"
9,KEGG_APOPTOSIS,1.70E-05,0.000351122,0.575610261,0.511618296,1.931246362,73,"PIK3R5, PIK3CD, MAP3K14, IKBKB, BCL2, ATM, PIK3CG, CFLAR, PRKACB, CASP3, EXOG, PPP3CC, BIRC3, BIRC2, CHUK, NFKB1, APAF1, CASP8, AKT2, PIK3CA, FASLG, FAS, DFFB, IRAK4, BID, BAX, DFFA, PPP3CB"
10,KEGG_AUTOIMMUNE_THYROID_DISEASE,2.68E-05,0.000497857,0.575610261,0.712620002,2.110417424,22,"CD28, CD40LG, CTLA4, HLA-DOB, CD40, HLA-DOA, CD86, PRF1, CD80, HLA-DMA, FASLG, FAS"
11,KEGG_RNA_DEGRADATION,3.56E-05,0.000602504,0.557332239,0.554504775,1.972283284,54,"CNOT6L, DCP2, PAPOLG, DDX6, XRN2, ENO3, DIS3, EDC3, XRN1, CNOT2, CNOT1, PNPT1, DCPS, MTREX, PAPOLA, CNOT4, PATL1, CNOT3, EDC4, ZCCHC7, EXOSC8, SKIV2L, EXOSC2, CNOT8, ENO2, LSM5, TENT4A, EXOSC3, EXOSC1"
12,KEGG_ALLOGRAFT_REJECTION,3.99E-05,0.000618344,0.557332239,0.736589856,2.135194187,20,"CD28, CD40LG, IL12A, HLA-DOB, CD40, HLA-DOA, CD86, PRF1, CD80, HLA-DMA, FASLG, FAS, IL12B"
13,KEGG_FC_GAMMA_R_MEDIATED_PHAGOCYTOSIS,6.47E-05,0.000926331,0.538434096,0.480793301,1.876914855,85,"PIK3R5, PIK3CD, PTPRC, DOCK2, VAV1, WAS, INPP5D, PRKCB, PLCG1, PIKFYVE, PIP4K2B, RAC2, SYK, PIK3CG, NCF1, WASF2, LAT, PRKCA, AKT2, HCK, PLCG2, ASAP1, PIK3CA, VASP, PRKCD, CRKL, VAV2, ARPC5, ARPC2, LYN, DNM2"
14,KEGG_JAK_STAT_SIGNALING_PATHWAY,8.03E-05,0.000976567,0.538434096,0.427719685,1.749092749,118,"IL2RB, PIK3R5, PIK3CD, STAT4, CBLB, IL2RA, IL12A, PTPN6, IL21R, JAK1, CBL, IL7R, GRB2, PIK3CG, IL6R, IL10RA, TYK2, STAT6, IFNGR2, SOCS4, STAT5B, IL23R, JAK3, STAT1, IL4R, AKT2, PIK3CA, IL9R, CREBBP, PIAS4, IFNAR1, IL12B, CCND3, STAT2, PIM1, IL12RB2, OSM, PIAS1, IFNGR1"
15,KEGG_PHOSPHATIDYLINOSITOL_SIGNALING_SYSTEM,8.40E-05,0.000976567,0.538434096,0.499447885,1.881183818,72,"INPP4B, PIK3R5, PIK3CD, PIP4K2A, PLCB2, INPP5D, DGKA, PRKCB, PLCG1, PIKFYVE, PIP4K2B, DGKD, ITPK1, PIK3CG, ITPR2, ITPKB, INPP5B, INPP4A, PTEN, PRKCA, SYNJ1, PLCG2, PIK3CA, ITPR3"
16,KEGG_RIG_I_LIKE_RECEPTOR_SIGNALING_PATHWAY,7.68E-05,0.000976567,0.538434096,0.55810448,1.964288168,50,"IKBKE, IL12A, IKBKB, CYLD, TANK, MAPK14, MAPK11, MAP3K1, TRIM25, AZI2, TRAF3, RNF125, TBK1, CHUK, NFKB1, DDX58, CASP8, IL12B, CXCL10, MAVS"
17,KEGG_CYTOSOLIC_DNA_SENSING_PATHWAY,9.51E-05,0.00104035,0.538434096,0.610139565,1.997075713,35,"IKBKE, IKBKB, CCL5, ADAR, AIM2, TBK1, CHUK, NFKB1, DDX58, POLR3B, RIPK3, PYCARD, POLR3C, ZBP1, CXCL10, MAVS, IL33, RIPK1, IL6, NFKBIB, POLR3A, IRF7"
18,KEGG_AXON_GUIDANCE,0.000103303,0.00106746,0.538434096,-0.411877318,-1.738134042,127,"EPHA7, EPHA4, SEMA6A, RAC3, MET, EPHB3, RHOD, EFNA3, SEMA3G, NTNG1, PAK3, EFNB2, EFNA1, EPHB1, PLXNB1, ROBO2, NTN1, NTN4, UNC5B, SEMA4C, PLXNB2, SLIT2, EPHB6, EPHA1, MAPK3, ABLIM3, PTK2, NGEF, EFNA2, EFNA5, NCK2, CHP2, EPHA2, CXCL12, EFNB1, SEMA3F, SEMA4G, ITGB1, EFNB3, PLXNA3"
19,KEGG_HEMATOPOIETIC_CELL_LINEAGE,0.000195395,0.001912817,0.518848078,0.489637722,1.815924772,68,"CD4, ITGA4, IL2RA, CD5, MS4A1, IL7R, CD22, CD7, FCER2, FLT3, CD2, CD19, CD3G, CD37, IL6R, CD8A, CR2, CD3E, CD3D"
20,KEGG_FC_EPSILON_RI_SIGNALING_PATHWAY,0.000243783,0.002159218,0.518848078,0.48389575,1.819153877,71,"PIK3R5, PIK3CD, VAV1, LCP2, INPP5D, PRKCB, PLCG1, RAC2, SYK, MAPK14, MAPK11, GRB2, PIK3CG, PDPK1, BTK, FYN, LAT, PRKCA, AKT2, PLCG2, PIK3CA, PRKCD, VAV2, NRAS, LYN"
21,KEGG_GRAFT_VERSUS_HOST_DISEASE,0.000241198,0.002159218,0.518848078,0.720828746,2.033001111,17,"CD28, HLA-DOB, KLRD1, HLA-DOA, CD86, PRF1, CD80, HLA-DMA, FASLG, FAS"
22,KEGG_BASAL_CELL_CARCINOMA,0.000322586,0.002727318,0.498493109,-0.506274721,-1.868092293,54,"WNT5B, FZD7, FZD8, FZD2, SMO, FZD3, CTNNB1, WNT9A, TCF7L1, PTCH2, WNT7B, TCF7L2, FZD6, FZD1, BMP4, WNT10A, FZD4, FZD10, WNT4, DVL1, GLI1, WNT11, STK36, WNT5A, APC, WNT8B, WNT1, GLI3"
23,KEGG_ANTIGEN_PROCESSING_AND_PRESENTATION,0.000348991,0.002822272,0.498493109,0.581946362,1.90479525,35,"CD4, HLA-DOB, CIITA, KLRD1, TAP1, CREB1, CD8A, HLA-DOA, NFYA, PSME3, HLA-DMA, CTSS, RFX5, CD74, LTA"
24,KEGG_ARRHYTHMOGENIC_RIGHT_VENTRICULAR_CARDIOMYOPATHY_ARVC,0.000607244,0.004550882,0.477270815,-0.457525156,-1.768315254,72,"CTNNA1, LMNA, ITGA8, ITGB8, CTNNB1, ITGB6, ITGB5, JUP, TCF7L1, PKP2, CACNG7, ITGB4, DSP, DSC2, DSG2, ITGA2, TCF7L2, ACTN4, CACNG4, ITGA3, CACNA1C, ITGA1, ITGA10, SGCG, ITGB1, DAG1, ATP2A2, CACNA2D1, ITGAV, DMD"
25,KEGG_ECM_RECEPTOR_INTERACTION,0.000611678,0.004550882,0.477270815,-0.432424927,-1.700648497,82,"LAMC3, LAMA3, LAMB3, LAMC2, COL4A6, ITGA8, ITGB8, AGRN, ITGB6, ITGB5, ITGB4, LAMB2, ITGA2, LAMA1, ITGA3, GP1BA, ITGA1, ITGA10, LAMA5, SDC1, SV2B, THBS1, ITGB1, DAG1, SDC4, SDC2, RELN, ITGAV, COL11A1, TNC, CD36, LAMA2, CHAD"
26,KEGG_INOSITOL_PHOSPHATE_METABOLISM,0.000779779,0.005578421,0.477270815,0.488786595,1.738534406,54,"INPP4B, PIK3CD, PIP4K2A, PLCB2, PLCG1, PIKFYVE, PIP4K2B, ITPK1, PIK3CG, ITPKB, INPP5B, INPP4A, PTEN, SYNJ1, PLCG2, PIK3CA"
27,KEGG_NOD_LIKE_RECEPTOR_SIGNALING_PATHWAY,0.000901064,0.006207332,0.477270815,0.509110184,1.792299402,49,"CARD6, PSTPIP1, IKBKB, CCL5, TNFAIP3, MAPK14, MAPK11, BIRC3, BIRC2, CHUK, CARD9, NFKB1, NLRC4, CASP8, MEFV, PYCARD, RIPK2"
28,KEGG_LEUKOCYTE_TRANSENDOTHELIAL_MIGRATION,0.001106791,0.007352252,0.455059867,0.404966494,1.619359174,103,"PIK3R5, PIK3CD, RASSF5, ITGA4, VAV1, ITK, ITGAL, TXK, PRKCB, PLCG1, RHOH, RAC2, SIPA1, MAPK14, MAPK11, PIK3CG, PTK2B, NCF1, NCF4, MSN, CXCR4, ACTB, RAPGEF4, ROCK1, PRKCA, RAP1B, PLCG2, PIK3CA, NCF2, VASP, CYBB, VAV2, CLDN19, CYBA, RAP1A, ACTN2"
29,KEGG_SPLICEOSOME,0.001775863,0.01139002,0.455059867,0.379275651,1.525332012,108,"DDX46, SF3B1, PRPF3, AQR, SRSF10, SF3B3, NCBP1, DHX8, TCERG1, DHX15, U2SURP, ACIN1, SF3A1, DDX39B, ISY1, TRA2A, SNRNP200, CDC40, RBM22, TRA2B, SRSF6, USP39, DDX23, XAB2, PRPF8, HNRNPU, U2AF2, SLU7, SMNDC1, PRPF40A, CRNKL1, EFTUD2, THOC1, DHX16, LSM5, HNRNPM, TXNL4A, PRPF18, BCAS2, PRPF4, PHF5A, SNRNP40"
30,KEGG_NON_SMALL_CELL_LUNG_CANCER,0.001946235,0.012066656,0.455059867,0.490515711,1.726404718,50,"PIK3R5, PIK3CD, RASSF5, STK4, PRKCB, PLCG1, GRB2, PIK3CG, PDPK1, E2F2, PRKCA, AKT2, PLCG2, PIK3CA, RXRB, CDK6, NRAS, RXRG"
31,KEGG_HYPERTROPHIC_CARDIOMYOPATHY_HCM,0.002269394,0.013616364,0.431707696,-0.40960396,-1.598420213,79,"TGFB3, TPM2, TPM1, TNNT2, LMNA, ITGA8, ITGB8, ITGB6, ITGB5, CACNG7, ITGB4, ITGA2, PRKAB1, CACNG4, ITGA3, CACNA1C, ITGA1, ITGA10, SGCG, ITGB1, DAG1, ATP2A2, CACNA2D1, ITGAV, DMD, TGFB2"
32,KEGG_DILATED_CARDIOMYOPATHY,0.002717736,0.015318146,0.431707696,-0.403891531,-1.59628892,84,"TGFB3, TPM2, TPM1, TNNT2, LMNA, ITGA8, ITGB8, ITGB6, ITGB5, PLN, CACNG7, ITGB4, ITGA2, CACNG4, ITGA3, CACNA1C, ITGA1, ITGA10, SGCG, ADRB1, ITGB1, DAG1, ATP2A2, GNAS, CACNA2D1, ITGAV, ADCY9, DMD, TGFB2"
33,KEGG_TYPE_I_DIABETES_MELLITUS,0.002655601,0.015318146,0.431707696,0.595763618,1.77196159,23,"CD28, IL12A, HLA-DOB, HLA-DOA, CD86, PRF1, CD80, HLA-DMA, FASLG, FAS, IL12B, LTA"
34,KEGG_CELL_ADHESION_MOLECULES_CAMS,0.003285491,0.017795034,0.431707696,0.373797569,1.498251177,105,"PTPRC, CD4, ITGA4, SELL, CD28, SPN, CD40LG, SELPLG, ICOS, ITGAL, CTLA4, ITGB7, HLA-DOB, CD6, CD22, CD2, CD226, CD40, CD8A, PDCD1, HLA-DOA, MPZ, CD86"
35,KEGG_MELANOGENESIS,0.003348528,0.017795034,0.431707696,-0.382206355,-1.539142696,93,"WNT5B, FZD7, FZD8, FZD2, FZD3, CTNNB1, WNT9A, KIT, TCF7L1, PLCB3, CREB3L2, MAPK3, KITLG, PLCB4, GNAO1, WNT7B, TCF7L2, FZD6, CALM2, FZD1, CREB3L4, GNAS, HRAS, ADCY9, WNT10A, FZD4, MC1R, FZD10, WNT4, DVL1, ADCY4, ASIP, PRKCG, CAMK2B, WNT11, CALML3"
36,KEGG_RIBOSOME,0.004175561,0.021573731,0.407017919,0.465002345,1.648424293,52,"RPS15A, RPS13, RPS7, RPS18, RPS27, RPL34, RPL12, RPL21, RPL24, RPLP2, RPL36AL, RPS23, RPS3, RPL15, RPS16, RPL27A, RPL13, RPL37A, RPS27A, RPL4, RPL8, RPL11, RPS4X, FAU, RPL39, RPS6, RPS2, RPS5, RPL22L1, RPL10A, RSL24D1, RPS12, RPL38, RPL37, RPL23, RPS9, RPS21, RPL36A"
37,KEGG_HEDGEHOG_SIGNALING_PATHWAY,0.004305559,0.02164416,0.407017919,-0.464764977,-1.674117474,50,"WNT5B, GAS1, SMO, WNT9A, CSNK1E, PTCH2, WNT7B, BTRC, BMP6, FBXW11, BMP4, WNT10A, WNT4, BMP7, GLI1, WNT11, STK36, WNT5A, WNT8B, WNT1, GLI3, RAB23, LRP2, GLI2, BMP5"
38,KEGG_LEISHMANIA_INFECTION,0.004647714,0.022223185,0.407017919,0.449921002,1.600295814,54,"ITGA4, IL12A, PTPN6, HLA-DOB, PRKCB, JAK1, MAPK14, MAPK11, NCF1, NCF4, HLA-DOA, IFNGR2, NFKB1, STAT1, HLA-DMA, NCF2, IL12B, CYBA, IRAK4, TLR4, IFNGR1"
39,KEGG_NEUROTROPHIN_SIGNALING_PATHWAY,0.004885646,0.022223185,0.407017919,0.365139065,1.492677345,117,"PIK3R5, PIK3CD, CSK, IKBKB, PLCG1, BCL2, MAPK14, MAPK11, GRB2, PIK3CG, PDPK1, ARHGDIB, MAP3K1, RPS6KA3, CAMK4, MAP3K5, SH2B1, RAP1B, NFKB1, RPS6KA5, AKT2, RAPGEF1, NFKBIE, PLCG2, PIK3CA, MAP3K3, RIPK2, FASLG, PRKCD, CRKL, NRAS, SH2B3, SH2B2, IRAK4, RAP1A, BAX, KRAS, YWHAG, KIDINS220, TRAF6, MAP2K1, MAPK1, TP53"
40,KEGG_UBIQUITIN_MEDIATED_PROTEOLYSIS,0.004898659,0.022223185,0.407017919,0.379007078,1.54881858,122,"HERC3, CBLB, RHOBTB2, HERC4, CBL, UBA7, UBA6, MAP3K1, BIRC6, PML, HERC1, TRIP12, BIRC3, BIRC2, AIRE, UBE2J1, UBE3A, UBE2D3, CUL5, SYVN1, HERC2, CUL4B, CUL3, UBE4A, PIAS4, DDB2, UBE2D2, UBE2Q1, HUWE1, PIAS1, UBE2B, CDC27, UBE3B, BRCA1, SMURF2, MDM2, RCHY1, TRAF6, SOCS1, ITCH, ANAPC1, UBR5, UBE2I"
41,KEGG_VIRAL_MYOCARDITIS,0.004691137,0.022223185,0.407017919,0.474305513,1.666174636,48,"CD28, CD40LG, ITGAL, HLA-DOB, RAC2, CD40, FYN, CASP3, HLA-DOA, CD86, PRF1, MYH13, ACTB, CASP8, CD80, HLA-DMA, MYH9"
42,KEGG_ACUTE_MYELOID_LEUKEMIA,0.005442059,0.024100547,0.407017919,0.432142956,1.532875962,53,"PIK3R5, PIK3CD, IKBKB, LEF1, TCF7, FLT3, GRB2, PIK3CG, PML, PIM2, STAT5B, CHUK, NFKB1, AKT2, SPI1, PIK3CA, NRAS, PIM1, KRAS, RARA, MAP2K1, MAPK1, SOS1"
43,KEGG_DRUG_METABOLISM_CYTOCHROME_P450,0.005694824,0.024633425,0.407017919,-0.525316917,-1.667600543,28,"MAOA, FMO1, ALDH1A3, FMO4, GSTM3, ADH7, ALDH3A1, FMO2, GSTM4, GSTO1, GSTO2"
44,KEGG_FOCAL_ADHESION,0.006586795,0.027844179,0.407017919,-0.317583553,-1.407441999,189,"LAMC3, LAMA3, VEGFC, MYL9, PARVA, LAMB3, RAC3, MYLK, LAMC2, MET, PDGFC, PGF, COL4A6, ITGA8, SRC, PAK3, ITGB8, CTNNB1, ITGB6, PDGFA, ITGB5, MAPK3, PTK2, PDGFRB, AKT1, ITGB4, LAMB2, ARHGAP35, CCND1, ITGA2, PIK3CB, KDR, LAMA1, ACTN4, FLT1, BAD, ERBB2, JUN, ITGA3, IGF1R, ITGA1, ITGA10, LAMA5, DOCK1, THBS1, ITGB1, HGF, BCAR1, RASGRF1, RELN, HRAS, ITGAV"
45,KEGG_P53_SIGNALING_PATHWAY,0.007793279,0.032212218,0.407017919,0.413664125,1.495412847,59,"SESN3, CCNG1, SHISA5, ATM, MDM4, PMAIP1, CASP3, PTEN, APAF1, CASP8, SESN1, IGF1, GTSE1, FAS, SESN2, CDK6, DDB2, CCND3, CCNE1, CCNG2, BID, BAX, PIDD1, RRM2, MDM2, RCHY1, ATR"
46,KEGG_WNT_SIGNALING_PATHWAY,0.008334949,0.033702184,0.380730401,-0.338331278,-1.434280873,137,"WNT5B, FZD7, FZD8, RAC3, FZD2, SFRP2, FZD3, WIF1, PRICKLE1, CTNNB1, CTBP2, WNT9A, TCF7L1, NKD1, NKD2, PLCB3, CSNK1E, PLCB4, CCND1, WNT7B, TCF7L2, FZD6, CTNNBIP1, PORCN, CXXC4, FOSL1, BTRC, CHP2, JUN, FZD1, DKK2, VANGL1, FBXW11, PPP2R1A, SMAD3, NFATC4, PRICKLE2, WNT10A, SKP1, FZD4, FZD10, WNT4, DVL1, SOX17, RAC1, PRKCG, CAMK2B, PPP3CA, WNT11, SFRP1"
47,KEGG_PROGESTERONE_MEDIATED_OOCYTE_MATURATION,0.008761352,0.034672585,0.380730401,0.393785617,1.496667258,75,"PDE3B, PIK3R5, PIK3CD, ADCY7, MAPK14, MAPK11, PIK3CG, PRKACB, CDC25B, RPS6KA3, ADCY1, CDC25A, AKT2, PLK1, PIK3CA, IGF1"
48,KEGG_HOMOLOGOUS_RECOMBINATION,0.010873525,0.042134909,0.380730401,0.547921506,1.629666252,23,"RPA1, TOP3A, POLD1, RPA2, RAD54L, MRE11, RAD51D, XRCC2, RAD51, RAD52, EME1, XRCC3, BLM, MUS81"
49,KEGG_GLYCOLYSIS_GLUCONEOGENESIS,0.011340486,0.04304756,0.380730401,-0.447584507,-1.595477535,47,"BPGM, ALDOC, ALDH7A1, ALDH1A3, TPI1, ALDH3A2, FBP1, PFKM, ADH7, HK1, AKR1A1, PCK2, ALDH3A1, FBP2"
50,KEGG_ETHER_LIPID_METABOLISM,0.012203887,0.04539846,0.380730401,-0.495537468,-1.573066703,28,"PLPP2, PAFAH1B3, PLD2, ENPP2, PLD1, PLPP1, PLA2G7, AGPS, ENPP6, PLA2G10, PLA2G4A, PLA2G2D, PLA2G4E, LPCAT2, PAFAH2, PLA2G3, PLA2G12A"
51,KEGG_STEROID_BIOSYNTHESIS,0.012954732,0.047246671,0.380730401,-0.593512082,-1.646741923,16,"SQLE, SC5D, DHCR24, FDFT1, CEL, NSDHL, MSMO1, HSD17B7"
52,KEGG_SYSTEMIC_LUPUS_ERYTHEMATOSUS,0.018005672,0.064404902,0.352487858,0.467793492,1.547143293,37,"CD28, CD40LG, HLA-DOB, CD40, HLA-DOA, CD86, CD80, HLA-DMA, ACTN2, GRIN2B, C1QC, C1QB, C1QA, C3"
53,KEGG_ADHERENS_JUNCTION,0.021792032,0.074441746,0.352487858,-0.373224759,-1.43241068,70,"RAC3, CTNNA1, MET, SRC, PARD3, AFDN, NECTIN2, CTNNB1, BAIAP2, PTPRF, TCF7L1, MAPK3, CDH1, NECTIN4, TCF7L2, TJP1, ACTN4, LMO7, ERBB2, NECTIN1, IGF1R, SNAI2, SSX2IP, PTPRM, FGFR1, SMAD3, YES1"
54,KEGG_CELL_CYCLE,0.022412569,0.074441746,0.352487858,0.337544549,1.36754024,115,"PRKDC, CDKN1B, ATM, MCM2, E2F4, DBF4, CDC25B, CDKN2D, E2F2, CDC7, STAG2, RBL1, MCM4, RAD21, CDC25A, SMC3, CDKN2B, PLK1, MCM5, BUB1B, CREBBP, CDK6, SMAD4, CCND3, CCNE1, ESPL1, MCM7, RBL2, ORC2, MCM3, ORC3, CDC27, EP300, YWHAG, ORC5, MDM2, CDC45, BUB1, BUB3, ATR, PKMYT1, TP53, ANAPC1, ORC4, CDC25C, MAD2L1, E2F1, YWHAH, SKP2, CDK2, CCNA2, GSK3B"
55,KEGG_INSULIN_SIGNALING_PATHWAY,0.021788842,0.074441746,0.352487858,0.322363122,1.326355371,125,"PDE3B, PIK3R5, PIK3CD, CBLB, IKBKB, INPP5D, CBL, FOXO1, GRB2, PIK3CG, PRKAA1, PDPK1, PRKACB, MKNK2, SOCS4, PPP1CC, PPP1R3B, RPTOR, AKT2, PTPN1, RAPGEF1, PIK3CA, MKNK1, CRKL, PCK1, NRAS, SH2B2, PHKG2"
56,KEGG_MISMATCH_REPAIR,0.022247035,0.074441746,0.352487858,0.565255304,1.638537144,20,"MSH6, RPA1, MSH3, POLD1, RPA2, RFC1, EXO1"
57,KEGG_VEGF_SIGNALING_PATHWAY,0.023554595,0.076862364,0.352487858,0.378831557,1.404135929,67,"PIK3R5, PIK3CD, SH2D2A, NFATC2, PRKCB, PLCG1, RAC2, NFATC1, MAPK14, MAPK11, PIK3CG, NFATC3, PPP3CC, PRKCA, AKT2, PLCG2, PIK3CA"
58,KEGG_CYTOKINE_CYTOKINE_RECEPTOR_INTERACTION,0.025156363,0.079306499,0.352487858,0.293020172,1.277341974,195,"IL2RB, IL2RA, CD40LG, IL12A, IL21R, CXCR5, CCR6, CCL22, CCL5, RELT, IL17RA, TNFSF8, CCR7, TNFRSF4, IL7R, FLT3, TNFRSF1B, LTB, CD27, CD40, IL6R, TNFRSF13B, TNFRSF25, TNFRSF13C, IL10RA, TNFRSF14, TNFRSF9, CCR9, CCR8, CXCR6, CXCR4, IFNGR2, IL23R, CXCL13, TNFRSF18, CXCR3, IL4R, CCL17, IL9R, FASLG, FAS, IFNAR1, IL12B, PLEKHO2, IL17RB, CXCL10, IL12RB2, OSM, EDA2R, LTA, IFNGR1, IL18RAP, TNFSF4"
59,KEGG_TGF_BETA_SIGNALING_PATHWAY,0.024776764,0.079306499,0.352487858,-0.373843825,-1.446084438,74,"ID4, TGFB3, BMPR1B, SMAD6, ZFYVE9, ACVR2A, MAPK3, LTBP1, FST, BMPR1A, BMP6, THBS1, DCN, PPP2R1A, BMP4, ACVR2B, TGFB2, SMAD3, BMPR2, SMAD1, ACVR1, SKP1, INHBA, BMP7, ID3, E2F5, INHBB, MYC, ID1"
60,KEGG_CHRONIC_MYELOID_LEUKEMIA,0.049618321,0.153816794,0.28201335,0.371313706,1.376271079,67,"PIK3R5, PIK3CD, CBLB, IKBKB, CDKN1B, CBL, GRB2, PIK3CG, E2F2, STAT5B, CHUK, NFKB1, AKT2, PIK3CA, CRKL, CDK6, SMAD4, NRAS, KRAS, MDM2, TGFBR1, MAP2K1, MAPK1, TP53, TGFBR2, SOS1"
61,KEGG_PROSTATE_CANCER,0.051923077,0.158322825,0.276500599,0.34972382,1.361403908,83,"PIK3R5, PIK3CD, IKBKB, LEF1, CDKN1B, TCF7, BCL2, FOXO1, GRB2, PIK3CG, CREB1, PDPK1, E2F2, PTEN, CHUK, NFKB1, AKT2, PIK3CA, IGF1, CREBBP, NRAS, CCNE1"
62,KEGG_HISTIDINE_METABOLISM,0.060416667,0.18125,0.266350657,-0.470254817,-1.445740497,24,"MAOA, ALDH7A1, ALDH1A3, HEMK1, ALDH3A2, ALDH3A1, LCMT1, ACY3, ALDH3B1"
63,KEGG_NON_HOMOLOGOUS_END_JOINING,0.061781792,0.182403386,0.321775918,0.594689577,1.507867513,12,"PRKDC, DNTT, DCLRE1C, LIG4, POLM, MRE11, XRCC6, FEN1"
64,KEGG_REGULATION_OF_ACTIN_CYTOSKELETON,0.064285714,0.186830357,0.237793834,0.27874228,1.217834763,197,"PIK3R5, PIK3CD, ITGA4, PIP4K2A, FGD3, VAV1, CYFIP2, ITGAL, NCKAP1L, ITGB7, CSK, WAS, PIKFYVE, PIP4K2B, RAC2, ITGAE, ARHGEF1, IQGAP2, PAK2, PIK3CG, WASF2, F2R, SSH1, SSH2, MSN, ACTB, ARHGEF6, PPP1CC, ROCK1, DIAPH1, TIAM1, GNA13"
65,KEGG_PATHWAYS_IN_CANCER,0.065502183,0.187437017,0.261663522,-0.250832601,-1.177884687,307,"WNT5B, LAMC3, LAMA3, FZD7, TGFB3, FGF1, VEGFC, LAMB3, FZD8, RAC3, LAMC2, CTNNA1, MET, FZD2, PGF, COL4A6, SMO, FZD3, CTNNB1, FGFR3, CTBP2, WNT9A, PDGFA, KIT, JUP, TCF7L1, CBLC, MAPK3, CDH1, PTK2, PDGFRB, AKT1, KITLG, LAMB2, NOS2, PTCH2, CCND1, WNT7B, ITGA2, TCF7L2, PIK3CB, LAMA1, FZD6, RUNX1, EPAS1, MECOM, FGF12, BAD, ERBB2, SLC2A1, JUN, RUNX1T1, ITGA3, IGF1R, TGFA, LAMA5, FGF11, FZD1, PLD1, ITGB1, HGF, BMP4, RALBP1, CKS1B, HRAS, ITGAV, EGLN3, TGFB2, FGFR1, FOS, SMAD3, RXRA, WNT10A, CDKN1A, FGF9, FZD4, ELOC, FZD10, WNT4, LAMA2, DVL1, DAPK2, PDGFRA, ELOB, RAC1, PRKCG, GLI1, FGFR2, PPARG, WNT11, FGF14"
66,KEGG_CIRCADIAN_RHYTHM_MAMMAL,0.072834646,0.201605343,0.234392647,-0.566530869,-1.429903758,12,"CSNK1E, NPAS2, BHLHE41, PER3, CRY2, PER2, ARNTL"
67,KEGG_DNA_REPLICATION,0.071984436,0.201605343,0.234392647,0.445517252,1.415949048,31,"MCM2, RPA1, MCM4, POLD1, MCM5, RPA2, POLE, POLE4, RFC1, MCM7, MCM3"
68,KEGG_MATURITY_ONSET_DIABETES_OF_THE_YOUNG,0.073705179,0.201605343,0.234392647,-0.499714853,-1.449961374,19,"HES1, NR5A2, BHLHA15"
69,KEGG_LINOLEIC_ACID_METABOLISM,0.07480315,0.201643273,0.23112671,-0.531641155,-1.40564508,14,"ALOX15, PLA2G10, PLA2G4A, PLA2G2D, PLA2G4E, PLA2G3, PLA2G12A, PLA2G5, PLA2G6, PLA2G1B, PLA2G2C"
70,KEGG_O_GLYCAN_BIOSYNTHESIS,0.084148728,0.223595192,0.216542837,0.441412556,1.377150982,28,"GALNT12, GALNT6, GALNT10, GALNT7, GCNT1, GALNT9, B4GALT5, GALNT14, C1GALT1, GALNT1, GALNT17"
71,KEGG_AMYOTROPHIC_LATERAL_SCLEROSIS_ALS,0.085714286,0.224547284,0.211400189,0.38096292,1.338274039,48,"BCL2, NEFH, MAPK14, MAPK11, TNFRSF1B, CASP3, MAP3K5, PPP3CC, CAT, APAF1, DAXX, BID, BAX, DERL1, PPP3CB, TP53, GRIN2B, CHP1, SOD1, SLC1A2, MAP2K6, NEFL"
72,KEGG_SMALL_CELL_LUNG_CANCER,0.087286528,0.225490196,0.208955028,0.340335858,1.303849114,79,"PIK3R5, PIK3CD, IKBKB, CDKN1B, BCL2, TRAF1, TRAF5, PIK3CG, E2F2, TRAF3, PTEN, BIRC3, BIRC2, CHUK, NFKB1, APAF1, AKT2, CDKN2B, TRAF4, PIK3CA, MAX, RXRB, PIAS4, CDK6, CCNE1, RXRG"
73,KEGG_ASTHMA,0.0951417,0.240292505,0.206587923,0.496877056,1.401375309,17,"CD40LG, HLA-DOB, CD40, HLA-DOA, HLA-DMA"
74,KEGG_CYSTEINE_AND_METHIONINE_METABOLISM,0.096153846,0.240292505,0.199915231,0.449857888,1.3801857,25,"IL4I1, DNMT3A, MTR, AHCYL2, DNMT1, SMS, MAT2B, MTAP, GOT1, CTH, MAT2A"
75,KEGG_MAPK_SIGNALING_PATHWAY,0.096892139,0.240292505,0.193813303,0.263338202,1.179280462,249,"MAP4K2, STK4, RASGRP1, MAP4K1, RASGRP2, RASA2, MAP3K14, NFATC2, CACNA1E, IKBKB, PTPN7, ARRB2, PRKCB, RAC2, PAK2, MAPK14, MAPK11, GRB2, CACNA1I, DUSP10, CACNA2D4, PRKACB, CDC25B, MAP3K1, CASP3, MKNK2, NLK, RPS6KA3, TAOK3, MAP3K5, PPP3CC, PRKCA, CHUK, RAP1B, NFKB1, MEF2C, RPS6KA5, DUSP2, ELK4, AKT2, MAP4K4, MAP3K3, MKNK1, RELB, FASLG, MAX, FAS, CRKL, MAP3K2, DAXX, TAOK1, NRAS, MAPK8IP3, RAP1A, CACNA1S, DUSP5, CACNB3"
76,KEGG_LYSOSOME,0.101145038,0.247539172,0.193813303,0.30680438,1.233874471,108,"CTSE, LAPTM5, ACP5, ABCB9, AP1S3, NAPSA, CTSW, GGA3, NPC2, GGA2, ATP6V0A2, AP1M1, GBA, AP1B1, GM2A, CTSS, NEU1, AP4E1, ABCA2, AP1S2, GNPTAB, CTSC, AP3M2, NPC1, AP1G1, LIPA, AP3S1, GUSB, LGMN, ATP6V0D2, PLA2G15"
77,KEGG_ARGININE_AND_PROLINE_METABOLISM,0.105367793,0.250274095,0.193813303,-0.376010094,-1.312786633,41,"MAOA, ALDH7A1, ALDH3A2, ARG2, NOS2, GLUL, ARG1, GOT2, SAT2, LAP3, AZIN2, P4HA2, GATM, NOS1, CKB"
78,KEGG_MTOR_SIGNALING_PATHWAY,0.105263158,0.250274095,0.19189224,0.371229336,1.28764506,47,"PIK3R5, PIK3CD, PIK3CG, PRKAA1, PDPK1, RICTOR, RPS6KA3, RPTOR, AKT2, PIK3CA, IGF1"
79,KEGG_PRIMARY_BILE_ACID_BIOSYNTHESIS,0.106299213,0.250274095,0.19189224,-0.505873453,-1.337515963,14,"HSD17B4, CYP39A1, AMACR, BAAT, HSD3B7, ACOX2, CYP46A1"
80,KEGG_TAURINE_AND_HYPOTAURINE_METABOLISM,0.110441767,0.256777108,0.190023305,-0.658205885,-1.400460219,7,"GGT7, BAAT, CSAD, CDO1, GGT6, GGT5"
81,KEGG_STARCH_AND_SUCROSE_METABOLISM,0.119341564,0.274043591,0.184706471,-0.414151163,-1.295356391,26,"ENPP1, ENPP3, GYS2, HK1, PGM2, UXS1, GAA, GYS1"
82,KEGG_GLIOMA,0.12109375,0.274676067,0.178219875,0.348276696,1.252960863,57,"PIK3R5, PIK3CD, PRKCB, PLCG1, GRB2, PIK3CG, E2F2, PTEN, PRKCA, AKT2, PLCG2, PIK3CA, IGF1, CDK6, NRAS, KRAS, MDM2, MAP2K1, MAPK1, TP53, SOS1"
83,KEGG_AMINOACYL_TRNA_BIOSYNTHESIS,0.131889764,0.29204162,0.170932335,0.451019783,1.322110545,21,"MARS2, TARS2, SEPSECS, WARS2, HARS2, NARS2, CARS2, FARSA"
84,KEGG_LONG_TERM_POTENTIATION,0.131274131,0.29204162,0.169570644,0.338833272,1.242512823,62,"PLCB2, PRKCB, ITPR2, PRKACB, RPS6KA3, CAMK4, PPP1CC, PPP3CC, PRKCA, RAP1B, ADCY1, ITPR3, CREBBP, NRAS, RAP1A, PPP3CB, EP300, KRAS, MAP2K1, MAPK1, GRIN2B"
85,KEGG_FRUCTOSE_AND_MANNOSE_METABOLISM,0.139344262,0.304918033,0.169570644,-0.392227621,-1.256184637,30,"ALDOC, GMDS, TPI1, FBP1, PFKM, MTMR7, HK1, FBP2"
86,KEGG_AMINO_SUGAR_AND_NUCLEOTIDE_SUGAR_METABOLISM,0.153225806,0.314148886,0.159646702,-0.361610787,-1.246801391,39,"GMDS, GALK1, CYB5R3, HK1, CYB5R1, PGM2, RENBP, GNPDA2, UXS1, NAGK, GALE, NANP, GMPPA, GNE, MPI"
87,KEGG_ARACHIDONIC_ACID_METABOLISM,0.153225806,0.314148886,0.159646702,-0.362181036,-1.248767557,39,"ALOX12, PTGES, GGT7, ALOX15, PLA2G10, ALOX15B, GPX3, PLA2G4A, CYP2U1, PLA2G2D, PLA2G4E, CBR3, GPX2, PLA2G3, PTGES2, PLA2G12A, PLA2G5, GGT6, GGT5, PLA2G6"
88,KEGG_BLADDER_CANCER,0.149797571,0.314148886,0.161978949,-0.363708164,-1.241422586,38,"VEGFC, PGF, FGFR3, MAPK3, CDH1, CCND1, ERBB2, THBS1, HRAS, CDKN1A, DAPK2, TYMP, MYC, CDK4, DAPK1, VEGFB, VEGFA, EGF, E2F3"
89,KEGG_PRION_DISEASES,0.153696498,0.314148886,0.156312403,0.401901696,1.268099585,30,"CCL5, PRKACB, FYN, BAX, STIP1, MAP2K1, MAPK1, C1QC, C1QB, SOD1, IL6, C1QA"
90,KEGG_SULFUR_METABOLISM,0.15,0.314148886,0.160801401,-0.602787458,-1.336413973,8,"PAPSS1, SULT2B1"
91,KEGG_VASCULAR_SMOOTH_MUSCLE_CONTRACTION,0.148387097,0.314148886,0.168238166,-0.293384206,-1.182091283,98,"ACTA2, MYH11, KCNMB1, MYL9, MYLK, KCNMA1, ACTG2, CALD1, GNA11, PLCB3, PRKG1, MAPK3, PLCB4, NPR2, CALM2, PPP1R14A, CACNA1C, GUCY1B1, RAMP2, GNAS, ADCY9, GUCY1A1, PLA2G10, GNA12, PLA2G4A, ARHGEF12, NPR1, MYL6, ADCY4"
92,KEGG_ASCORBATE_AND_ALDARATE_METABOLISM,0.15913556,0.31827112,0.154190967,-0.643901631,-1.319873952,6,"ALDH7A1, ALDH3A2"
93,KEGG_COLORECTAL_CANCER,0.158203125,0.31827112,0.154190967,0.337891675,1.215599696,57,"PIK3R5, PIK3CD, LEF1, RAC2, TCF7, BCL2, MSH6, PIK3CG, CASP3, MSH3, AKT2, PIK3CA, APPL1, SMAD4, BAX, KRAS, AXIN1, TGFBR1, MAP2K1, MAPK1, TP53, TGFBR2"
94,KEGG_GLUTATHIONE_METABOLISM,0.175869121,0.347996345,0.149207542,-0.360542077,-1.211998401,36,"OPLAH, ANPEP, GGT7, GSS, GCLM, GSTM3, GSTM4, GSTO1, GPX3, GSTO2"
95,KEGG_BETA_ALANINE_METABOLISM,0.179282869,0.351016985,0.145516146,-0.428067129,-1.242069952,19,"ABAT, ALDH7A1, ALDH3A2"
96,KEGG_CARDIAC_MUSCLE_CONTRACTION,0.191752577,0.367690509,0.142901149,-0.298152176,-1.144329774,69,"TPM2, TPM1, TNNT2, ATP1B2, CACNG7, FXYD2, CACNG4, CACNA1C, ATP1A4, ATP2A2, ATP1A1, CACNA2D1, COX4I2, COX6B2, TNNI3"
97,KEGG_GLYCOSPHINGOLIPID_BIOSYNTHESIS_GANGLIO_SERIES,0.190283401,0.367690509,0.142056644,0.494559961,1.253983467,12,"ST8SIA1, B4GALNT1, ST6GALNAC4, B3GALT4, ST6GALNAC5, ST3GAL1"
98,KEGG_ERBB_SIGNALING_PATHWAY,0.198076923,0.375941915,0.135002034,0.29962562,1.153487797,80,"PIK3R5, PIK3CD, CBLB, PRKCB, PLCG1, CDKN1B, CBL, PAK2, GRB2, PIK3CG, PRKCA, STAT5B, AKT2, PLCG2, PIK3CA, CRKL, NRAS"
99,KEGG_ONE_CARBON_POOL_BY_FOLATE,0.20746888,0.389790016,0.13725078,0.445776226,1.220585285,16,"MTHFD1L, MTHFD2, ATIC, MTR, ALDH1L1, SHMT2, MTHFS, TYMS, GART"
100,KEGG_GLYCEROLIPID_METABOLISM,0.218106996,0.397724522,0.132846301,-0.337328548,-1.174502198,42,"DGKI, MBOAT2, PLPP2, ALDH7A1, ALDH3A2, CEL, LIPG, LIPC, AKR1A1, DGKB, PLPP1"
101,KEGG_GLYOXYLATE_AND_DICARBOXYLATE_METABOLISM,0.214574899,0.397724522,0.132846301,0.463234462,1.222610999,14,"MTHFD1L, MTHFD2, GLYCTK"
102,KEGG_LYSINE_DEGRADATION,0.217391304,0.397724522,0.130105631,0.353864147,1.175667884,39,"SETDB2, NSD1, SETD1B, NSD3, SUV39H1, NSD2, SETD2, DOT1L, SETDB1, ALDH1B1, ASH1L, PLOD2, KMT5B, DLST, AASDH, EHMT1, EHHADH"
103,KEGG_EPITHELIAL_CELL_SIGNALING_IN_HELICOBACTER_PYLORI_INFECTION,0.233140655,0.42101128,0.123257226,0.311632102,1.149355234,64,"MAP3K14, CSK, IKBKB, CCL5, PLCG1, MAPK14, MAPK11, CASP3, ATP6V0A2, CHUK, ATP6V1B2, NFKB1, PLCG2, ADAM17, LYN"
104,KEGG_TYROSINE_METABOLISM,0.245398773,0.438886267,0.123842171,-0.336849995,-1.132355087,36,"MAOA, FAH, ALDH1A3, HEMK1, ADH7, ALDH3A1, LCMT1, COMT, GOT2"
105,KEGG_ENDOCYTOSIS,0.25045045,0.443655084,0.113787262,0.255674021,1.095074628,165,"IL2RB, CBLB, AGAP2, SH3KBP1, IL2RA, PSD4, ARRB2, PIKFYVE, PIP4K2B, CBL, ACAP1, GRK6, GRK2, SMAP2, ARAP2, EHD3, F2R, GIT2, CXCR4, VPS37B"
106,KEGG_ENDOMETRIAL_CANCER,0.27480916,0.475333333,0.111462667,0.316626676,1.114669907,49,"PIK3R5, PIK3CD, LEF1, TCF7, GRB2, PIK3CG, PDPK1, PTEN, AKT2, PIK3CA, NRAS, KRAS, AXIN1, MAP2K1, MAPK1, TP53, SOS1, AXIN2"
107,KEGG_LIMONENE_AND_PINENE_DEGRADATION,0.276,0.475333333,0.114266502,-0.533146586,-1.182016211,8,"ALDH7A1, ALDH3A2"
108,KEGG_MELANOMA,0.272349272,0.475333333,0.117765788,-0.287450766,-1.08639935,65,"FGF1, MET, PDGFC, PDGFA, MAPK3, CDH1, PDGFRB, AKT1, CCND1, PIK3CB, FGF12, BAD, IGF1R, FGF11, HGF, HRAS, FGFR1, CDKN1A, FGF9"
109,KEGG_PROXIMAL_TUBULE_BICARBONATE_RECLAMATION,0.282,0.481211009,0.112843356,-0.401700416,-1.141242636,18,"ATP1B2, CA4, FXYD2, ATP1A4, PCK2, ATP1A1"
110,KEGG_ALPHA_LINOLENIC_ACID_METABOLISM,0.297709924,0.503400416,0.106323256,-0.413329072,-1.130090891,15,"FADS2, PLA2G10, PLA2G4A, PLA2G2D, PLA2G4E, PLA2G3, PLA2G12A, PLA2G5"
111,KEGG_GLYCOSAMINOGLYCAN_BIOSYNTHESIS_CHONDROITIN_SULFATE,0.30511811,0.511278996,0.106729884,0.382680521,1.121782175,21,"CHST3, XYLT1, CHSY1, B4GALT7, XYLT2"
112,KEGG_PANCREATIC_CANCER,0.309021113,0.513195777,0.104343953,0.296284639,1.095193381,65,"PIK3R5, PIK3CD, IKBKB, RAC2, JAK1, PIK3CG, E2F2, ARHGEF6, CHUK, NFKB1, STAT1, AKT2, PIK3CA, CDK6, SMAD4"
113,KEGG_BIOSYNTHESIS_OF_UNSATURATED_FATTY_ACIDS,0.32480315,0.52533379,0.102821843,-0.39353826,-1.100035463,17,"FADS2, FADS1, ELOVL6, PECR, BAAT, TECR"
114,KEGG_GALACTOSE_METABOLISM,0.322916667,0.52533379,0.106729884,-0.355476117,-1.092867525,24,"GLB1, GALK1, LCT, PFKM, HK1, PGM2, B4GALT2, GAA, GALE"
115,KEGG_STEROID_HORMONE_BIOSYNTHESIS,0.319361277,0.52533379,0.104732822,-0.372438772,-1.099940938,20,"SULT2B1, COMT, CYP1B1, CYP11A1, CYP21A2, HSD17B7, CYP17A1, SRD5A1, UGT1A1"
116,KEGG_PROTEASOME,0.328031809,0.525982039,0.102821843,-0.304343068,-1.06257124,41,"PSMD3, PSMB6, PSMC1, PSMA6, PSMD7, PSMD1, PSMA5, PSMB2, PSMC2, PSMB4, PSMB7, PSMC3, PSMD8, PSMD12, PSMC5, POMP, PSMD4, PSMB11, PSMD13, PSMA7, PSMB3, PSMC6"
117,KEGG_FOLATE_BIOSYNTHESIS,0.34939759,0.550745354,0.09957912,-0.53375025,-1.135656804,7,"ALPL, GGH"
118,KEGG_TYPE_II_DIABETES_MELLITUS,0.348336595,0.550745354,0.098212335,0.31361049,1.068444051,43,"PIK3R5, PIK3CD, CACNA1E, IKBKB, PIK3CG, SOCS4, PIK3CA, PRKCD"
119,KEGG_ALDOSTERONE_REGULATED_SODIUM_REABSORPTION,0.366141732,0.562348831,0.095603149,0.316614533,1.049929747,38,"PIK3R5, PIK3CD, PRKCB, PIK3CG, PDPK1, ATP1B3, PRKCA, PIK3CA, IGF1, KCNJ1, ATP1A2"
120,KEGG_FATTY_ACID_METABOLISM,0.368852459,0.562348831,0.097544922,-0.32713548,-1.056729792,31,"ACSL3, ACADL, ALDH7A1, ALDH3A2, ADH7"
121,KEGG_METABOLISM_OF_XENOBIOTICS_BY_CYTOCHROME_P450,0.367219917,0.562348831,0.09854998,-0.343460551,-1.0651077,25,"ALDH1A3, GSTM3, ADH7, ALDH3A1, GSTM4, GSTO1, GSTO2, CYP1B1"
122,KEGG_PROPANOATE_METABOLISM,0.364197531,0.562348831,0.09854998,-0.345966336,-1.082092109,26,"ABAT, ALDH7A1, ALDH3A2, PCCB"
123,KEGG_SPHINGOLIPID_METABOLISM,0.379381443,0.573698768,0.096240602,-0.313227585,-1.04128811,35,"SPHK1, PLPP2, GLB1, SGMS2, SGPP2, ACER3, PLPP1, NEU2, SMPD2"
124,KEGG_ABC_TRANSPORTERS,0.383399209,0.575098814,0.093145458,0.311125129,1.03367302,39,"ABCG1, ABCB9, TAP1, ABCG2, ABCA7, ABCA1, ABCD1, ABCA2, ABCB7, ABCD2, ABCC1"
125,KEGG_GLYCOSPHINGOLIPID_BIOSYNTHESIS_LACTO_AND_NEOLACTO_SERIES,0.394584139,0.587141199,0.090263548,0.353267366,1.046197977,22,"ST8SIA1, B3GNT5, B4GALT1, FUT7"
126,KEGG_RENIN_ANGIOTENSIN_SYSTEM,0.398340249,0.588026082,0.093746542,0.379515491,1.039155965,16,"LNPEP, AGT, REN"
127,KEGG_PARKINSONS_DISEASE,0.401691332,0.58830384,0.094356364,-0.245303125,-1.015603863,109,"SNCA, SNCAIP, PINK1, NDUFA4L2, NDUFS8, PRKN, ATP5PF, COX4I2, SLC25A4, PARK7, COX6B2, NDUFS5, NDUFS6, VDAC1, UQCRB, NDUFC2, SLC6A3, NDUFS4, NDUFA4, MT-ND6, NDUFV1, COX7A2, UBB, NDUFA8, SLC18A2, MT-ND1, NDUFA5, MT-CYB, SDHC, COX6B1, COX4I1, NDUFB10, MT-ND4, MT-CO3, MT-ND5, NDUFB6, NDUFA1, MT-CO2, NDUFA9, NDUFB3, SLC18A1, SLC25A31, COX6C, TH, COX7B, NDUFC1, NDUFB7, NDUFV3, NDUFA6, UQCRC1, ATP5MC3, UQCRQ, MT-ATP8, MT-ND2, NDUFS2, VDAC3, NDUFS3, MT-ND4L, MT-CO1"
128,KEGG_GNRH_SIGNALING_PATHWAY,0.409961686,0.595725575,0.087569712,0.260856384,1.017630066,86,"ADCY7, PLCB2, PRKCB, MAPK14, MAPK11, GRB2, PTK2B, ITPR2, PRKACB, MAP3K1, PRKCA, ADCY1, ITPR3, MAP3K3, PRKCD, MAP3K2, NRAS"
129,KEGG_BUTANOATE_METABOLISM,0.421161826,0.603167421,0.090542895,-0.327800313,-1.016543636,25,"ABAT, ALDH7A1, ALDH3A2"
130,KEGG_RNA_POLYMERASE,0.421568627,0.603167421,0.087309826,0.342714007,1.019323836,23,"POLR1A, POLR1B, POLR3B, POLR1E, POLR3C, POLR2B"
131,KEGG_ADIPOCYTOKINE_SIGNALING_PATHWAY,0.428023033,0.607727359,0.085288469,0.276226532,1.02105013,65,"PRKCQ, IKBKB, TNFRSF1B, PRKAA1, ACSL1, CHUK, NFKB1, AKT2, NFKBIE, RXRB, PCK1, RXRG"
132,KEGG_PEROXISOME,0.43907563,0.618697479,0.088894529,-0.262271836,-1.008142417,71,"PHYH, ACSL3, HSD17B4, DDO, NOS2, MPV17, NUDT12, DECR2, ABCD3, PEX11B, AGPS, PEX11G, PECR, PEX14, AMACR, PRDX1, PRDX5, BAAT, PEX3, ACOX2, PEX7, PEX19, PEX11A"
133,KEGG_BASE_EXCISION_REPAIR,0.507782101,0.65159477,0.076873673,0.303360496,0.957177646,30,"MBD4, PARP1, UNG, POLD1, POLE, PARP3, NEIL1, POLE4, PARP4"
134,KEGG_CALCIUM_SIGNALING_PATHWAY,0.474387528,0.65159477,0.087831263,-0.230814991,-0.998369023,159,"OXTR, MYLK, SPHK1, GNA11, P2RX1, SLC8A2, PLCB3, PLN, PLCD3, PDGFRB, NOS2, PLCB4, GNA14, CHRM1, ERBB4, CHP2, PLCD1, CALM2, ERBB2, PHKA1, CACNA1G, CACNA1C, TACR1, ADRB1, ATP2A2, GNAS, PHKB, ADCY9, TACR3, TRPC1, PLCD4, CACNA1H, SLC25A4, ATP2B2, LTB4R2, P2RX7, PDGFRA, ADCY4, PRKCG, CAMK2B, PPP3CA, CALML3, PLCE1, VDAC1, CHRM3"
135,KEGG_DORSO_VENTRAL_AXIS_FORMATION,0.51497006,0.65159477,0.077476755,-0.323955308,-0.956752443,20,"ETS2, MAPK3, PIWIL2, ETV6, SPIRE1"
136,KEGG_GAP_JUNCTION,0.49787234,0.65159477,0.082664645,-0.251451842,-0.98132801,78,"PDGFC, SRC, GNA11, PDGFA, PLCB3, PRKG1, MAPK3, PDGFRB, PLCB4, TJP1, GUCY1B1, ADRB1, GNAS, HRAS, ADCY9, GUCY1A1, TUBA8, TUBB2A, PDGFRA, ADCY4, PRKCG"
137,KEGG_NUCLEOTIDE_EXCISION_REPAIR,0.494071146,0.65159477,0.079131665,0.293462336,0.974990673,39,"RPA1, ERCC6, ERCC2, POLD1, CUL4B, DDB2, RPA2, POLE, POLE4, RFC1"
138,KEGG_OOCYTE_MEIOSIS,0.48411215,0.65159477,0.077274697,0.244299887,0.974361244,99,"ADCY7, ITPR2, PRKACB, RPS6KA3, PPP2R1B, PPP1CC, PPP3CC, PPP2R5A, ADCY1, SMC3, PLK1, ITPR3, IGF1, FBXO5, AURKA, CCNE1, ESPL1, PPP2R5C, PPP2R5D, PPP3CB, CDC27, YWHAG, BUB1, MAP2K1, PKMYT1, MAPK1, ANAPC1, CDC25C, PPP2R5E, MAD2L1, CHP1, YWHAH, CDK2, RPS6KA1, CALM1, PPP1CA, YWHAB, ITPR1, YWHAZ"
139,KEGG_OTHER_GLYCAN_DEGRADATION,0.49704142,0.65159477,0.078711381,-0.372417359,-0.966813752,13,"GLB1, FUCA2, NEU2, AGA"
140,KEGG_PENTOSE_PHOSPHATE_PATHWAY,0.51417004,0.65159477,0.078295525,-0.322797624,-0.959929057,21,"ALDOC, FBP1, PFKM, FBP2"
141,KEGG_PORPHYRIN_AND_CHLOROPHYLL_METABOLISM,0.497005988,0.65159477,0.079343496,-0.32800936,-0.968725465,20,"CP, ALAS2, UROD, FECH, MMAB"
142,KEGG_PURINE_METABOLISM,0.486988848,0.65159477,0.076674687,0.241238874,0.994991826,132,"PDE3B, ADCY7, PDE7A, ENTPD5, DCK, ATIC, PDE4D, POLR1A, PPAT, PDE1B, ENTPD6, POLR1B, ADCY1, POLD1, PNPT1, POLR3B, CANT1, POLR1E, POLR3C, PRPS2, POLE, POLR2B, POLE4, PDE4B, NT5C3A, RRM1, RRM2, GDA, AK2, AMPD1, GMPS"
143,KEGG_PYRUVATE_METABOLISM,0.486652977,0.65159477,0.08197788,-0.299103489,-0.976340586,33,"HAGHL, ALDH7A1, ALDH3A2, HAGH, ME3, PCK2, GRHPR, GLO1"
144,KEGG_RENAL_CELL_CARCINOMA,0.501039501,0.65159477,0.081080206,-0.258258819,-0.976070501,65,"TGFB3, VEGFC, MET, PGF, PAK3, GAB1, MAPK3, AKT1, PIK3CB, EPAS1, SLC2A1, JUN, TGFA, HGF, HRAS, EGLN3, TGFB2, PAK1, ELOC, PAK4, ELOB, RAC1"
145,KEGG_RIBOFLAVIN_METABOLISM,0.513779528,0.65159477,0.076873673,-0.36041461,-0.952926648,14,"ENPP1, ENPP3, MTMR7"
146,KEGG_TRYPTOPHAN_METABOLISM,0.495145631,0.65159477,0.078089231,0.297538137,0.966940817,34,"IL4I1, KMO, KYNU, HAAO, CAT, WARS2, ALDH1B1, TPH2"
147,KEGG_VIBRIO_CHOLERAE_INFECTION,0.493333333,0.65159477,0.077274697,0.280160038,0.984166401,48,"PRKCB, PLCG1, PRKACB, ACTB, ATP6V0A2, PRKCA, ATP6V1B2, PLCG2"
148,KEGG_PHENYLALANINE_METABOLISM,0.528846154,0.664630977,0.074175897,-0.338067838,-0.937993512,16,"MAOA, ALDH1A3, ALDH3A1, GOT2, ALDH3B1, MIF, DDC, NAA80"
149,KEGG_GLYCOSPHINGOLIPID_BIOSYNTHESIS_GLOBO_SERIES,0.537373737,0.669694656,0.07588869,0.360622787,0.938480449,13,"ST8SIA1, B3GALNT1, ST3GAL1, GBGT1, GLA"
150,KEGG_PYRIMIDINE_METABOLISM,0.540076336,0.669694656,0.072714108,0.24583878,0.958776297,84,"ENTPD5, DCK, POLR1A, ENTPD6, POLR1B, POLD1, PNPT1, POLR3B, CANT1, POLR1E, UPRT, POLR3C, POLE, POLR2B, POLE4, NT5C3A, RRM1, RRM2, UPB1"
151,KEGG_LONG_TERM_DEPRESSION,0.553719008,0.682064474,0.075501529,-0.25366126,-0.953710686,63,"GNA11, PLCB3, PRKG1, MAPK3, PLCB4, GNAO1, GNAZ, IGF1R, PPP1R17, GUCY1B1, PPP2R1A, GNAS, HRAS, GUCY1A1, PLA2G10, GNA12, PLA2G4A"
152,KEGG_NICOTINATE_AND_NICOTINAMIDE_METABOLISM,0.558704453,0.683677818,0.073990144,-0.312513791,-0.929347201,21,"ENPP1, ENPP3"
153,KEGG_PANTOTHENATE_AND_COA_BIOSYNTHESIS,0.562977099,0.684403532,0.070619625,-0.334675801,-0.915043485,15,"ENPP1, ENPP3"
154,KEGG_NITROGEN_METABOLISM,0.574898785,0.694358273,0.072535186,-0.309571012,-0.920596026,21,"CA7, CA4, GLUL, AMT"
155,KEGG_ALZHEIMERS_DISEASE,0.632054176,0.758465011,0.073255866,-0.218336656,-0.929988801,143,"APP, SNCA, MME, APBB1, PLCB3, MAPK3, PLCB4, CHP2, NDUFA4L2, CALM2, BACE1, BAD, BACE2, CACNA1C, ATP2A2, ERN1, NDUFS8, CASP7, IDE, APH1A, ATP5PF, COX4I2, HSD17B10, COX6B2, NDUFS5, PPP3CA, NDUFS6, CALML3, ADAM10, MAPT, UQCRB, NCSTN, NDUFC2, FADD, NOS1, NDUFS4, NDUFA4, NDUFV1, COX7A2, CALM3"
156,KEGG_THYROID_CANCER,0.64229249,0.765810277,0.065831196,0.284848519,0.875946755,27,"LEF1, TCF7, TPR, CCDC6, RXRB, NRAS, RXRG, KRAS, MAP2K1, MAPK1, TP53"
157,KEGG_OXIDATIVE_PHOSPHORYLATION,0.650963597,0.771205281,0.069119846,-0.22384891,-0.924538979,110,"ATP6V1B1, NDUFA4L2, PPA2, ATP6V0E2, NDUFS8, ATP5PF, COX4I2, COX6B2, ATP6V1C2, NDUFS5, NDUFS6, UQCRB, ATP6V1G2, NDUFC2, ATP6V1F, NDUFS4, NDUFA4, MT-ND6, NDUFV1, COX7A2, NDUFA8, MT-ND1, NDUFA5, MT-CYB, SDHC, ATP6V1G1, COX6B1, COX4I1, NDUFB10, MT-ND4, MT-CO3, MT-ND5, NDUFB6, ATP6V1A, NDUFA1, MT-CO2, NDUFA9, NDUFB3, COX6C, ATP6V1D, ATP6AP1, COX7B, ATP6V1E2, NDUFC1, NDUFB7, NDUFV3, NDUFA6, UQCRC1, ATP5MC3, ATP5MF, ATP5ME, UQCRQ, MT-ATP8, MT-ND2, NDUFS2, NDUFS3, MT-ND4L, MT-CO1"
158,KEGG_GLYCOSYLPHOSPHATIDYLINOSITOL_GPI_ANCHOR_BIOSYNTHESIS,0.704980843,0.82601181,0.059860312,0.274816769,0.836238541,24,"PGAP1, PIGM, PIGA, PIGS, PIGW"
159,KEGG_PATHOGENIC_ESCHERICHIA_COLI_INFECTION,0.70610687,0.82601181,0.059603704,0.24358819,0.857541217,49,"WAS, FYN, HCLS1, ACTB, ROCK1, PRKCA, TLR5, ARPC5, ARPC2, ARHGEF2, TLR4, NCK1"
160,KEGG_VASOPRESSIN_REGULATED_WATER_REABSORPTION,0.723790323,0.84140625,0.061036373,-0.24673457,-0.85071855,39,"DYNC2LI1, DCTN2, CREB3L2, CREB3L4, GNAS, ADCY9, RAB5B, RAB5A"
161,KEGG_GLYCINE_SERINE_AND_THREONINE_METABOLISM,0.737270876,0.851753931,0.060640401,-0.262263674,-0.83254704,28,"MAOA, ALAS2"
162,KEGG_GLYCOSAMINOGLYCAN_BIOSYNTHESIS_HEPARAN_SULFATE,0.75862069,0.87100894,0.056411839,0.258458998,0.78646356,24,"HS3ST3B1, XYLT1, B4GALT7, EXTL3, XYLT2"
163,KEGG_COMPLEMENT_AND_COAGULATION_CASCADES,0.770588235,0.879321545,0.056767239,0.232493251,0.824184064,52,"CR2, F2R, PLAUR, C5AR1, F10, FGG, F13A1, C1QC, C1QB, C3AR1, BDKRB2, C1QA, CFD, F9, C3"
164,KEGG_ALANINE_ASPARTATE_AND_GLUTAMATE_METABOLISM,0.78875969,0.894568917,0.055135176,0.254407405,0.783941873,26,"IL4I1, ASS1, PPAT, GPT, GPT2, ALDH4A1, GOT1, ASNS"
165,KEGG_NOTCH_SIGNALING_PATHWAY,0.799220273,0.900939217,0.05479395,0.234845511,0.806740327,45,"DTX1, LFNG, MFNG, DTX3L, NOTCH2, KAT2A, CREBBP, ADAM17, PSEN2, MAML1, EP300"
166,KEGG_SELENOAMINO_ACID_METABOLISM,0.819838057,0.909919028,0.055364284,-0.255831443,-0.76078638,21,"PAPSS1, GGT7, HEMK1"
167,KEGG_TERPENOID_BACKBONE_BIOSYNTHESIS,0.818181818,0.909919028,0.055364284,0.284169884,0.739520325,13,"PMVK, HMGCR, GGPS1, FDPS, PDSS2, IDI1, ACAT1, HMGCS1, PDSS1, MVD, HMGCS2, MVK, DHDDS"
168,KEGG_VALINE_LEUCINE_AND_ISOLEUCINE_DEGRADATION,0.821862348,0.909919028,0.055249566,-0.234792482,-0.801402661,38,"ABAT, ALDH7A1, ALDH3A2, PCCB, MCEE, HSD17B10, DBT"
169,KEGG_GLYCOSAMINOGLYCAN_DEGRADATION,0.830708661,0.914271071,0.053457214,-0.266988836,-0.746298944,17,"HPSE2, GLB1, HYAL2, HYAL1, HS3ST3A1"
170,KEGG_SNARE_INTERACTIONS_IN_VESICULAR_TRANSPORT,0.848360656,0.922778257,0.054343439,-0.237713198,-0.772580294,32,"SNAP47, STX3, VAMP8, STX12, STX19, STX18, VTI1A, VAMP5, STX1B, STX6, VTI1B, VAMP3, STX7, BNIP1, USE1"
171,KEGG_TASTE_TRANSDUCTION,0.846311475,0.922778257,0.054455595,-0.23968698,-0.767643802,30,"SCNN1B, SCNN1G, GNAT3, GNAS, ADCY4, SCNN1A, TAS1R2"
172,KEGG_VALINE_LEUCINE_AND_ISOLEUCINE_BIOSYNTHESIS,0.85515873,0.924764673,0.052482762,0.314592272,0.682604096,7,"BCAT2, PDHB, BCAT1"
173,KEGG_PROTEIN_EXPORT,0.874251497,0.939946696,0.051740546,-0.244170578,-0.721120448,20,"SRP68, SEC63, SPCS1, SRPRA, SEC62, SEC61A2, SPCS2, SEC61G, IMMP2L"
174,KEGG_REGULATION_OF_AUTOPHAGY,0.882235529,0.943079359,0.051322333,-0.241331151,-0.712734635,20,"GABARAPL1, ATG4C"
175,KEGG_GLYCEROPHOSPHOLIPID_METABOLISM,0.892561983,0.94866588,0.052375908,-0.206657343,-0.793136515,70,"DGKI, MBOAT2, PLPP2, PTDSS2, CDS1, CHKA, PLD2, DGKB, PLD1, PLPP1"
176,KEGG_N_GLYCAN_BIOSYNTHESIS,0.899209486,0.950300934,0.049991391,0.221901899,0.737240373,39,"ST6GAL1, MAN2A1, B4GALT1, STT3B, MAN2A2, MGAT2, FUT8, MAN1A1, ALG12, DOLPP1, MGAT1, MOGS, ALG3"
177,KEGG_DRUG_METABOLISM_OTHER_ENZYMES,0.928861789,0.970608386,0.049790319,-0.223893691,-0.684320166,23,"CDA, ITPA, UPP2, DPYD, TYMP, TPMT, HPRT1"
178,KEGG_RETINOL_METABOLISM,0.928861789,0.970608386,0.049790319,-0.223592966,-0.683401014,23,"RDH10, ADH7, RPE65, LRAT, AWAT2, CYP26C1, RDH11, CYP26A1, ADH6, DHRS3, UGT1A1"
179,KEGG_HUNTINGTONS_DISEASE,0.951434879,0.988641829,0.052482762,-0.181870989,-0.787496408,154,"BDNF, IFT57, HAP1, DCTN2, PLCB3, CREB3L2, CLTB, TGM2, PLCB4, DNAL4, NDUFA4L2, AP2A1, CREB3L4, DNAL1, NDUFS8, DNAI1, ATP5PF, COX4I2, POLR2F, SLC25A4, COX6B2, NDUFS5, DNALI1, POLR2K, PPARG, NDUFS6, VDAC1, UQCRB"
180,KEGG_CITRATE_CYCLE_TCA_CYCLE,0.963178295,0.995284238,0.045953808,0.204590335,0.63043342,26,"PCK1, PDHB, IDH1, PC, DLD, ACO1, DLST, ACLY, MDH2"
181,KEGG_BASAL_TRANSCRIPTION_FACTORS,0.980392157,0.99556541,0.045679041,0.193295257,0.607408709,29,"GTF2E1, TAF4, TBPL1, TAF12, TAF5L, TBP, TAF2, GTF2A1, GTF2H4"
182,KEGG_GLYCOSAMINOGLYCAN_BIOSYNTHESIS_KERATAN_SULFATE,0.980276134,0.99556541,0.045953808,-0.208923487,-0.54237563,13,"B4GALT4, B4GALT3, B4GALT2, CHST2"
183,KEGG_NEUROACTIVE_LIGAND_RECEPTOR_INTERACTION,0.99556541,0.99556541,0.050600424,-0.16293091,-0.738131705,217,"OXTR, PARD3, ADCYAP1R1, GRIK3, F2RL1, P2RX1, CHRNB1, THRA, GRIK5, NPY1R, SSTR3, CHRM1, MC5R, GABRG3, TACR1, ADRB1, CNR1, ADRA2C, MCHR1, PTH1R, TACR3, SSTR1, CRHR2, ADRA2A, GABRP, GABRB1, APLNR, MC1R, LTB4R2, P2RX7, GRID1, CHRM3, HTR7, GLRB, P2RY1, GABRD, GRIA1, GABRA4, PTGFR, P2RY4, GABBR1, P2RY14, S1PR3, LEPR, MAS1, HRH3, ADRA1B, EDNRA, GABRR1, GABBR2, GRIN1, CHRNA4, CALCRL, GRM2, MTNR1A, ADRA2B, PTGDR"
184,KEGG_OLFACTORY_TRANSDUCTION,0.987804878,0.99556541,0.046975873,-0.170795341,-0.642196788,60,"OR51E1, PRKG1, CNGB1, CALM2, CLCA2, CNGA4, CAMK2B, CALML3"
185,KEGG_PENTOSE_AND_GLUCURONATE_INTERCONVERSIONS,0.994023904,0.99556541,0.045770446,0.192003204,0.434965801,8,"AKR1B1, GUSB, UGP2, UGDH"
186,KEGG_PPAR_SIGNALING_PATHWAY,0.970760234,0.99556541,0.045862034,0.190484176,0.685254478,58,"PDPK1, ACSL1, ACOX3, LPL, RXRB, PCK1, RXRG, SLC27A1, SCP2, CPT2, NR1H3, ACADM, ADIPOQ, ACOX1, DBI, PLIN1, CPT1A, ME1, EHHADH"